kind,course,batch,detail,advice
ORDERING,MATH205,2022,"is offered in S2 but its prerequisite MATH202 is offered in S2, so the sequence cannot be satisfied as published",treat as a co-requisite or seek Programme Chair approval
DANGLING_PREREQ,DATA202,2022,"lists prerequisite MATH203, which does not appear anywhere in the 2022 semester spread","the prerequisite cannot be completed within this curriculum; confirm with the Programme Chair whether it is waived, renamed, or carried over from an earlier curriculum version"
DANGLING_PREREQ,DATA207,2022,"lists prerequisite COMP210, which does not appear anywhere in the 2022 semester spread","the prerequisite cannot be completed within this curriculum; confirm with the Programme Chair whether it is waived, renamed, or carried over from an earlier curriculum version"
DANGLING_PREREQ,DATA403/COMP402,2022,"lists prerequisite COMP401, which does not appear anywhere in the 2022 semester spread","the prerequisite cannot be completed within this curriculum; confirm with the Programme Chair whether it is waived, renamed, or carried over from an earlier curriculum version"
DANGLING_PREREQ,DATA202,2023,"lists prerequisite MATH203, which does not appear anywhere in the 2023 semester spread","the prerequisite cannot be completed within this curriculum; confirm with the Programme Chair whether it is waived, renamed, or carried over from an earlier curriculum version"
DANGLING_PREREQ,DATA403,2023,"lists prerequisite DATA302, which does not appear anywhere in the 2023 semester spread","the prerequisite cannot be completed within this curriculum; confirm with the Programme Chair whether it is waived, renamed, or carried over from an earlier curriculum version"
DANGLING_PREREQ,DATA404/COMP402,2023,"lists prerequisite DATA302, which does not appear anywhere in the 2023 semester spread","the prerequisite cannot be completed within this curriculum; confirm with the Programme Chair whether it is waived, renamed, or carried over from an earlier curriculum version"
DANGLING_PREREQ,DATA404/COMP402,2023,"lists prerequisite COMP205, which does not appear anywhere in the 2023 semester spread","the prerequisite cannot be completed within this curriculum; confirm with the Programme Chair whether it is waived, renamed, or carried over from an earlier curriculum version"
DANGLING_PREREQ,DATA404/COMP402,2023,"lists prerequisite COMP401, which does not appear anywhere in the 2023 semester spread","the prerequisite cannot be completed within this curriculum; confirm with the Programme Chair whether it is waived, renamed, or carried over from an earlier curriculum version"
DANGLING_PREREQ,DATA408/COMP405,2023,"lists prerequisite DATA302, which does not appear anywhere in the 2023 semester spread","the prerequisite cannot be completed within this curriculum; confirm with the Programme Chair whether it is waived, renamed, or carried over from an earlier curriculum version"
DANGLING_PREREQ,COMP302,2024,"lists prerequisite COMP206, which does not appear anywhere in the 2024 semester spread","the prerequisite cannot be completed within this curriculum; confirm with the Programme Chair whether it is waived, renamed, or carried over from an earlier curriculum version"
DANGLING_PREREQ,COMP302,2024,"lists prerequisite COMP301, which does not appear anywhere in the 2024 semester spread","the prerequisite cannot be completed within this curriculum; confirm with the Programme Chair whether it is waived, renamed, or carried over from an earlier curriculum version"
DANGLING_PREREQ,DATA301,2024,"lists prerequisite MATH301, which does not appear anywhere in the 2024 semester spread","the prerequisite cannot be completed within this curriculum; confirm with the Programme Chair whether it is waived, renamed, or carried over from an earlier curriculum version"
DANGLING_PREREQ,DATA403,2024,"lists prerequisite DATA302, which does not appear anywhere in the 2024 semester spread","the prerequisite cannot be completed within this curriculum; confirm with the Programme Chair whether it is waived, renamed, or carried over from an earlier curriculum version"
DANGLING_PREREQ,DATA408/COMP402,2024,"lists prerequisite DATA302, which does not appear anywhere in the 2024 semester spread","the prerequisite cannot be completed within this curriculum; confirm with the Programme Chair whether it is waived, renamed, or carried over from an earlier curriculum version"
DANGLING_PREREQ,DATA408/COMP402,2024,"lists prerequisite COMP401, which does not appear anywhere in the 2024 semester spread","the prerequisite cannot be completed within this curriculum; confirm with the Programme Chair whether it is waived, renamed, or carried over from an earlier curriculum version"
DANGLING_PREREQ,DATA405,2024,"lists prerequisite MATH202, which does not appear anywhere in the 2024 semester spread","the prerequisite cannot be completed within this curriculum; confirm with the Programme Chair whether it is waived, renamed, or carried over from an earlier curriculum version"
ORDERING,COMP302,2025,"is offered in S6 but its prerequisite COMP208 is offered in S6, so the sequence cannot be satisfied as published",treat as a co-requisite or seek Programme Chair approval
DANGLING_PREREQ,MATH301,2025,"lists prerequisite MATH201, which does not appear anywhere in the 2025 semester spread","the prerequisite cannot be completed within this curriculum; confirm with the Programme Chair whether it is waived, renamed, or carried over from an earlier curriculum version"
DANGLING_PREREQ,DATA301,2025,"lists prerequisite DATA206, which does not appear anywhere in the 2025 semester spread","the prerequisite cannot be completed within this curriculum; confirm with the Programme Chair whether it is waived, renamed, or carried over from an earlier curriculum version"
ORDERING,DATA404/DATA406,2025,"is offered in S6 but its prerequisite DATA302 is offered in S6, so the sequence cannot be satisfied as published",treat as a co-requisite or seek Programme Chair approval
DANGLING_PREREQ,DATA408/COMP402,2025,"lists prerequisite COMP401, which does not appear anywhere in the 2025 semester spread","the prerequisite cannot be completed within this curriculum; confirm with the Programme Chair whether it is waived, renamed, or carried over from an earlier curriculum version"
DANGLING_PREREQ,DATA405,2025,"lists prerequisite MATH202, which does not appear anywhere in the 2025 semester spread","the prerequisite cannot be completed within this curriculum; confirm with the Programme Chair whether it is waived, renamed, or carried over from an earlier curriculum version"
DANGLING_PREREQ,DATA405,2025,"lists prerequisite MATH204, which does not appear anywhere in the 2025 semester spread","the prerequisite cannot be completed within this curriculum; confirm with the Programme Chair whether it is waived, renamed, or carried over from an earlier curriculum version"
DANGLING_PREREQ,COMP206,2026-DS,"lists prerequisite COMP207, which does not appear anywhere in the 2026-DS semester spread","the prerequisite cannot be completed within this curriculum; confirm with the Programme Chair whether it is waived, renamed, or carried over from an earlier curriculum version"
DANGLING_PREREQ,COMP302,2026-DS,"lists prerequisite COMP132, which does not appear anywhere in the 2026-DS semester spread","the prerequisite cannot be completed within this curriculum; confirm with the Programme Chair whether it is waived, renamed, or carried over from an earlier curriculum version"
ORDERING,COMP302,2026-DS,"is offered in S6 but its prerequisite COMP208 is offered in S6, so the sequence cannot be satisfied as published",treat as a co-requisite or seek Programme Chair approval
DANGLING_PREREQ,MATH301,2026-DS,"lists prerequisite MATH201, which does not appear anywhere in the 2026-DS semester spread","the prerequisite cannot be completed within this curriculum; confirm with the Programme Chair whether it is waived, renamed, or carried over from an earlier curriculum version"
DANGLING_PREREQ,DATA301,2026-DS,"lists prerequisite DATA206, which does not appear anywhere in the 2026-DS semester spread","the prerequisite cannot be completed within this curriculum; confirm with the Programme Chair whether it is waived, renamed, or carried over from an earlier curriculum version"
CROSS_BATCH,DATA301,"2022, 2024, 2025, 2026-DS","has different prerequisites depending on the curriculum batch: 2022 requires DATA202, MATH301; 2024 requires DATA202, MATH301; 2025 requires DATA206, MATH301; 2026-DS requires DATA206, MATH301",the student's batch must be established before any eligibility statement about this course can be made
